-- phpMyAdmin SQL Dump
-- version 3.5.7
-- http://www.phpmyadmin.net
--
-- Host: db01.cs.stedwards.edu
-- Generation Time: Sep 08, 2014 at 10:34 AM
-- Server version: 5.1.73-0ubuntu0.10.04.1
-- PHP Version: 5.3.2-1ubuntu4.26

SET SQL_MODE="NO_AUTO_VALUE_ON_ZERO";
SET time_zone = "+00:00";


/*!40101 SET @OLD_CHARACTER_SET_CLIENT=@@CHARACTER_SET_CLIENT */;
/*!40101 SET @OLD_CHARACTER_SET_RESULTS=@@CHARACTER_SET_RESULTS */;
/*!40101 SET @OLD_COLLATION_CONNECTION=@@COLLATION_CONNECTION */;
/*!40101 SET NAMES utf8 */;

--
-- Database: `yuwah`
--

-- --------------------------------------------------------

--
-- Table structure for table `AccessLevel`
--

CREATE TABLE IF NOT EXISTS `AccessLevel` (
  `accessLevelID` int(11) NOT NULL AUTO_INCREMENT,
  `level_title` varchar(15) NOT NULL,
  PRIMARY KEY (`accessLevelID`)
) ENGINE=InnoDB  DEFAULT CHARSET=latin1 AUTO_INCREMENT=4 ;

--
-- Dumping data for table `AccessLevel`
--

INSERT INTO `AccessLevel` (`accessLevelID`, `level_title`) VALUES
(1, 'admin'),
(2, 'judge'),
(3, 'student');

-- --------------------------------------------------------

--
-- Table structure for table `Admin`
--

CREATE TABLE IF NOT EXISTS `Admin` (
  `username` varchar(25) NOT NULL,
  `accessLevelID` int(11) NOT NULL,
  `departmentID` int(11) DEFAULT NULL,
  `fname` varchar(50) NOT NULL,
  `lname` varchar(50) NOT NULL,
  `password` varchar(300) NOT NULL,
  `email` varchar(140) NOT NULL,
  `address` varchar(200) DEFAULT NULL,
  `phone_num` varchar(20) NOT NULL,
  PRIMARY KEY (`username`),
  KEY `accessLevelID` (`accessLevelID`),
  KEY `departmentID` (`departmentID`)
) ENGINE=InnoDB DEFAULT CHARSET=latin1;

--
-- Dumping data for table `Admin`
--

INSERT INTO `Admin` (`username`, `accessLevelID`, `departmentID`, `fname`, `lname`, `password`, `email`, `address`, `phone_num`) VALUES
('debadmin', 1, NULL, 'Casey', 'Burkhart', 'hilltop', 'caseyb@stedwards.edu', NULL, '555-555-5555');

-- --------------------------------------------------------

--
-- Table structure for table `Classification`
--

CREATE TABLE IF NOT EXISTS `Classification` (
  `classID` int(11) NOT NULL AUTO_INCREMENT,
  `class_title` varchar(15) NOT NULL,
  PRIMARY KEY (`classID`)
) ENGINE=InnoDB  DEFAULT CHARSET=latin1 AUTO_INCREMENT=5 ;

--
-- Dumping data for table `Classification`
--

INSERT INTO `Classification` (`classID`, `class_title`) VALUES
(1, 'Freshman'),
(2, 'Sophomore'),
(3, 'Junior'),
(4, 'Senior');

-- --------------------------------------------------------

--
-- Table structure for table `Date`
--

CREATE TABLE IF NOT EXISTS `Date` (
  `dateID` int(11) NOT NULL AUTO_INCREMENT,
  `date` varchar(140) NOT NULL,
  PRIMARY KEY (`dateID`)
) ENGINE=InnoDB  DEFAULT CHARSET=latin1 AUTO_INCREMENT=20 ;

--
-- Dumping data for table `Date`
--

INSERT INTO `Date` (`dateID`, `date`) VALUES
(1, 'Tue September 23, 2014'),
(2, 'Wed September 24, 2014'),
(3, 'Thu September 25, 2014'),
(4, 'Fri September 26, 2014'),
(5, 'Sat September 27, 2014'),
(6, 'Sun September 28, 2014'),
(7, 'Mon September 29, 2014'),
(8, 'Tue September 30, 2014'),
(9, 'Wed October 1, 2014'),
(10, 'Thu October 2, 2014'),
(11, 'Fri October 3, 2014'),
(12, 'Sat October 4, 2014'),
(13, 'Sun October 5, 2014'),
(14, 'Mon October 6, 2014'),
(15, 'Tue October 7, 2014'),
(16, 'Wed October 8, 2014'),
(17, 'Thu October 9, 2014'),
(18, 'Fri October 10, 2014'),
(19, 'Sat October 11, 2014');

-- --------------------------------------------------------

--
-- Table structure for table `DateTime`
--

CREATE TABLE IF NOT EXISTS `DateTime` (
  `dateTimeID` int(11) NOT NULL AUTO_INCREMENT,
  `dateID` int(50) NOT NULL,
  `timeID` int(50) NOT NULL,
  PRIMARY KEY (`dateTimeID`)
) ENGINE=InnoDB  DEFAULT CHARSET=latin1 AUTO_INCREMENT=476 ;

--
-- Dumping data for table `DateTime`
--

INSERT INTO `DateTime` (`dateTimeID`, `dateID`, `timeID`) VALUES
(1, 1, 1),
(2, 1, 2),
(3, 1, 3),
(4, 1, 4),
(5, 1, 5),
(6, 1, 6),
(7, 1, 7),
(8, 1, 8),
(9, 1, 9),
(10, 1, 10),
(11, 1, 11),
(12, 1, 12),
(13, 1, 13),
(14, 1, 14),
(15, 1, 15),
(16, 1, 16),
(17, 1, 17),
(18, 1, 18),
(19, 1, 19),
(20, 1, 20),
(21, 1, 21),
(22, 1, 22),
(23, 1, 23),
(24, 1, 24),
(25, 1, 25),
(26, 2, 1),
(27, 2, 2),
(28, 2, 3),
(29, 2, 4),
(30, 2, 5),
(31, 2, 6),
(32, 2, 7),
(33, 2, 8),
(34, 2, 9),
(35, 2, 10),
(36, 2, 11),
(37, 2, 12),
(38, 2, 13),
(39, 2, 14),
(40, 2, 15),
(41, 2, 16),
(42, 2, 17),
(43, 2, 18),
(44, 2, 19),
(45, 2, 20),
(46, 2, 21),
(47, 2, 22),
(48, 2, 23),
(49, 2, 24),
(50, 2, 25),
(51, 3, 1),
(52, 3, 2),
(53, 3, 3),
(54, 3, 4),
(55, 3, 5),
(56, 3, 6),
(57, 3, 7),
(58, 3, 8),
(59, 3, 9),
(60, 3, 10),
(61, 3, 11),
(62, 3, 12),
(63, 3, 13),
(64, 3, 14),
(65, 3, 15),
(66, 3, 16),
(67, 3, 17),
(68, 3, 18),
(69, 3, 19),
(70, 3, 20),
(71, 3, 21),
(72, 3, 22),
(73, 3, 23),
(74, 3, 24),
(75, 3, 25),
(76, 4, 1),
(77, 4, 2),
(78, 4, 3),
(79, 4, 4),
(80, 4, 5),
(81, 4, 6),
(82, 4, 7),
(83, 4, 8),
(84, 4, 9),
(85, 4, 10),
(86, 4, 11),
(87, 4, 12),
(88, 4, 13),
(89, 4, 14),
(90, 4, 15),
(91, 4, 16),
(92, 4, 17),
(93, 4, 18),
(94, 4, 19),
(95, 4, 20),
(96, 4, 21),
(97, 4, 22),
(98, 4, 23),
(99, 4, 24),
(100, 4, 25),
(101, 5, 1),
(102, 5, 2),
(103, 5, 3),
(104, 5, 4),
(105, 5, 5),
(106, 5, 6),
(107, 5, 7),
(108, 5, 8),
(109, 5, 9),
(110, 5, 10),
(111, 5, 11),
(112, 5, 12),
(113, 5, 13),
(114, 5, 14),
(115, 5, 15),
(116, 5, 16),
(117, 5, 17),
(118, 5, 18),
(119, 5, 19),
(120, 5, 20),
(121, 5, 21),
(122, 5, 22),
(123, 5, 23),
(124, 5, 24),
(125, 5, 25),
(126, 6, 1),
(127, 6, 2),
(128, 6, 3),
(129, 6, 4),
(130, 6, 5),
(131, 6, 6),
(132, 6, 7),
(133, 6, 8),
(134, 6, 9),
(135, 6, 10),
(136, 6, 11),
(137, 6, 12),
(138, 6, 13),
(139, 6, 14),
(140, 6, 15),
(141, 6, 16),
(142, 6, 17),
(143, 6, 18),
(144, 6, 19),
(145, 6, 20),
(146, 6, 21),
(147, 6, 22),
(148, 6, 23),
(149, 6, 24),
(150, 6, 25),
(151, 7, 1),
(152, 7, 2),
(153, 7, 3),
(154, 7, 4),
(155, 7, 5),
(156, 7, 6),
(157, 7, 7),
(158, 7, 8),
(159, 7, 9),
(160, 7, 10),
(161, 7, 11),
(162, 7, 12),
(163, 7, 13),
(164, 7, 14),
(165, 7, 15),
(166, 7, 16),
(167, 7, 17),
(168, 7, 18),
(169, 7, 19),
(170, 7, 20),
(171, 7, 21),
(172, 7, 22),
(173, 7, 23),
(174, 7, 24),
(175, 7, 25),
(176, 8, 1),
(177, 8, 2),
(178, 8, 3),
(179, 8, 4),
(180, 8, 5),
(181, 8, 6),
(182, 8, 7),
(183, 8, 8),
(184, 8, 9),
(185, 8, 10),
(186, 8, 11),
(187, 8, 12),
(188, 8, 13),
(189, 8, 14),
(190, 8, 15),
(191, 8, 16),
(192, 8, 17),
(193, 8, 18),
(194, 8, 19),
(195, 8, 20),
(196, 8, 21),
(197, 8, 22),
(198, 8, 23),
(199, 8, 24),
(200, 8, 25),
(201, 9, 1),
(202, 9, 2),
(203, 9, 3),
(204, 9, 4),
(205, 9, 5),
(206, 9, 6),
(207, 9, 7),
(208, 9, 8),
(209, 9, 9),
(210, 9, 10),
(211, 9, 11),
(212, 9, 12),
(213, 9, 13),
(214, 9, 14),
(215, 9, 15),
(216, 9, 16),
(217, 9, 17),
(218, 9, 18),
(219, 9, 19),
(220, 9, 20),
(221, 9, 21),
(222, 9, 22),
(223, 9, 23),
(224, 9, 24),
(225, 9, 25),
(226, 10, 1),
(227, 10, 2),
(228, 10, 3),
(229, 10, 4),
(230, 10, 5),
(231, 10, 6),
(232, 10, 7),
(233, 10, 8),
(234, 10, 9),
(235, 10, 10),
(236, 10, 11),
(237, 10, 12),
(238, 10, 13),
(239, 10, 14),
(240, 10, 15),
(241, 10, 16),
(242, 10, 17),
(243, 10, 18),
(244, 10, 19),
(245, 10, 20),
(246, 10, 21),
(247, 10, 22),
(248, 10, 23),
(249, 10, 24),
(250, 10, 25),
(251, 11, 1),
(252, 11, 2),
(253, 11, 3),
(254, 11, 4),
(255, 11, 5),
(256, 11, 6),
(257, 11, 7),
(258, 11, 8),
(259, 11, 9),
(260, 11, 10),
(261, 11, 11),
(262, 11, 12),
(263, 11, 13),
(264, 11, 14),
(265, 11, 15),
(266, 11, 16),
(267, 11, 17),
(268, 11, 18),
(269, 11, 19),
(270, 11, 20),
(271, 11, 21),
(272, 11, 22),
(273, 11, 23),
(274, 11, 24),
(275, 11, 25),
(276, 12, 1),
(277, 12, 2),
(278, 12, 3),
(279, 12, 4),
(280, 12, 5),
(281, 12, 6),
(282, 12, 7),
(283, 12, 8),
(284, 12, 9),
(285, 12, 10),
(286, 12, 11),
(287, 12, 12),
(288, 12, 13),
(289, 12, 14),
(290, 12, 15),
(291, 12, 16),
(292, 12, 17),
(293, 12, 18),
(294, 12, 19),
(295, 12, 20),
(296, 12, 21),
(297, 12, 22),
(298, 12, 23),
(299, 12, 24),
(300, 12, 25),
(301, 13, 1),
(302, 13, 2),
(303, 13, 3),
(304, 13, 4),
(305, 13, 5),
(306, 13, 6),
(307, 13, 7),
(308, 13, 8),
(309, 13, 9),
(310, 13, 10),
(311, 13, 11),
(312, 13, 12),
(313, 13, 13),
(314, 13, 14),
(315, 13, 15),
(316, 13, 16),
(317, 13, 17),
(318, 13, 18),
(319, 13, 19),
(320, 13, 20),
(321, 13, 21),
(322, 13, 22),
(323, 13, 23),
(324, 13, 24),
(325, 13, 25),
(326, 14, 1),
(327, 14, 2),
(328, 14, 3),
(329, 14, 4),
(330, 14, 5),
(331, 14, 6),
(332, 14, 7),
(333, 14, 8),
(334, 14, 9),
(335, 14, 10),
(336, 14, 11),
(337, 14, 12),
(338, 14, 13),
(339, 14, 14),
(340, 14, 15),
(341, 14, 16),
(342, 14, 17),
(343, 14, 18),
(344, 14, 19),
(345, 14, 20),
(346, 14, 21),
(347, 14, 22),
(348, 14, 23),
(349, 14, 24),
(350, 14, 25),
(351, 15, 1),
(352, 15, 2),
(353, 15, 3),
(354, 15, 4),
(355, 15, 5),
(356, 15, 6),
(357, 15, 7),
(358, 15, 8),
(359, 15, 9),
(360, 15, 10),
(361, 15, 11),
(362, 15, 12),
(363, 15, 13),
(364, 15, 14),
(365, 15, 15),
(366, 15, 16),
(367, 15, 17),
(368, 15, 18),
(369, 15, 19),
(370, 15, 20),
(371, 15, 21),
(372, 15, 22),
(373, 15, 23),
(374, 15, 24),
(375, 15, 25),
(376, 16, 1),
(377, 16, 2),
(378, 16, 3),
(379, 16, 4),
(380, 16, 5),
(381, 16, 6),
(382, 16, 7),
(383, 16, 8),
(384, 16, 9),
(385, 16, 10),
(386, 16, 11),
(387, 16, 12),
(388, 16, 13),
(389, 16, 14),
(390, 16, 15),
(391, 16, 16),
(392, 16, 17),
(393, 16, 18),
(394, 16, 19),
(395, 16, 20),
(396, 16, 21),
(397, 16, 22),
(398, 16, 23),
(399, 16, 24),
(400, 16, 25),
(401, 17, 1),
(402, 17, 2),
(403, 17, 3),
(404, 17, 4),
(405, 17, 5),
(406, 17, 6),
(407, 17, 7),
(408, 17, 8),
(409, 17, 9),
(410, 17, 10),
(411, 17, 11),
(412, 17, 12),
(413, 17, 13),
(414, 17, 14),
(415, 17, 15),
(416, 17, 16),
(417, 17, 17),
(418, 17, 18),
(419, 17, 19),
(420, 17, 20),
(421, 17, 21),
(422, 17, 22),
(423, 17, 23),
(424, 17, 24),
(425, 17, 25),
(426, 18, 1),
(427, 18, 2),
(428, 18, 3),
(429, 18, 4),
(430, 18, 5),
(431, 18, 6),
(432, 18, 7),
(433, 18, 8),
(434, 18, 9),
(435, 18, 10),
(436, 18, 11),
(437, 18, 12),
(438, 18, 13),
(439, 18, 14),
(440, 18, 15),
(441, 18, 16),
(442, 18, 17),
(443, 18, 18),
(444, 18, 19),
(445, 18, 20),
(446, 18, 21),
(447, 18, 22),
(448, 18, 23),
(449, 18, 24),
(450, 18, 25),
(451, 19, 1),
(452, 19, 2),
(453, 19, 3),
(454, 19, 4),
(455, 19, 5),
(456, 19, 6),
(457, 19, 7),
(458, 19, 8),
(459, 19, 9),
(460, 19, 10),
(461, 19, 11),
(462, 19, 12),
(463, 19, 13),
(464, 19, 14),
(465, 19, 15),
(466, 19, 16),
(467, 19, 17),
(468, 19, 18),
(469, 19, 19),
(470, 19, 20),
(471, 19, 21),
(472, 19, 22),
(473, 19, 23),
(474, 19, 24),
(475, 19, 25);

-- --------------------------------------------------------

--
-- Table structure for table `Department`
--

CREATE TABLE IF NOT EXISTS `Department` (
  `departmentID` int(11) NOT NULL AUTO_INCREMENT,
  `title` varchar(140) NOT NULL,
  PRIMARY KEY (`departmentID`)
) ENGINE=InnoDB  DEFAULT CHARSET=latin1 AUTO_INCREMENT=7 ;

--
-- Dumping data for table `Department`
--

INSERT INTO `Department` (`departmentID`, `title`) VALUES
(1, 'Behavioral and Social Sciences'),
(2, 'Humanities'),
(3, 'Management and Business'),
(4, 'Natural Sciences'),
(5, 'Education'),
(6, ' ');

-- --------------------------------------------------------

--
-- Table structure for table `JAvailability`
--

CREATE TABLE IF NOT EXISTS `JAvailability` (
  `javailID` int(11) NOT NULL AUTO_INCREMENT,
  `username` varchar(140) NOT NULL,
  `dateTimeID` int(11) NOT NULL,
  PRIMARY KEY (`javailID`)
) ENGINE=InnoDB  DEFAULT CHARSET=latin1 AUTO_INCREMENT=88 ;

--
-- Dumping data for table `JAvailability`
--

INSERT INTO `JAvailability` (`javailID`, `username`, `dateTimeID`) VALUES
(1, 'ljames', 1),
(2, 'ljames', 2),
(3, 'ljames', 3),
(4, 'owinfrey', 1),
(5, 'owinfrey', 2),
(6, 'owinfrey', 3),
(7, 'owinfrey', 4),
(8, 'owinfrey', 5),
(9, 'owinfrey', 6),
(10, 'owinfrey', 7),
(11, 'owinfrey', 8),
(12, 'owinfrey', 9),
(13, 'owinfrey', 10),
(14, 'owinfrey', 11),
(15, 'owinfrey', 12),
(16, 'owinfrey', 13),
(17, 'owinfrey', 14),
(18, 'owinfrey', 15),
(19, 'owinfrey', 16),
(20, 'owinfrey', 17),
(21, 'owinfrey', 18),
(22, 'owinfrey', 19),
(23, 'owinfrey', 20),
(24, 'owinfrey', 21),
(25, 'owinfrey', 22),
(26, 'owinfrey', 23),
(27, 'owinfrey', 24),
(28, 'owinfrey', 25),
(29, 'owinfrey', 51),
(30, 'owinfrey', 52),
(31, 'owinfrey', 53),
(32, 'owinfrey', 54),
(33, 'owinfrey', 55),
(34, 'owinfrey', 56),
(35, 'owinfrey', 57),
(36, 'owinfrey', 58),
(37, 'owinfrey', 59),
(38, 'owinfrey', 176),
(39, 'owinfrey', 177),
(40, 'owinfrey', 178),
(41, 'owinfrey', 179),
(42, 'owinfrey', 180),
(43, 'owinfrey', 181),
(44, 'owinfrey', 182),
(45, 'owinfrey', 183),
(46, 'owinfrey', 184),
(47, 'owinfrey', 185),
(48, 'owinfrey', 186),
(49, 'owinfrey', 187),
(50, 'owinfrey', 188),
(51, 'owinfrey', 189),
(52, 'owinfrey', 190),
(53, 'owinfrey', 191),
(54, 'owinfrey', 192),
(55, 'owinfrey', 193),
(56, 'owinfrey', 194),
(57, 'owinfrey', 195),
(58, 'owinfrey', 196),
(59, 'owinfrey', 197),
(60, 'owinfrey', 198),
(61, 'owinfrey', 199),
(62, 'owinfrey', 200),
(63, 'owinfrey', 426),
(64, 'owinfrey', 427),
(65, 'owinfrey', 428),
(66, 'owinfrey', 429),
(67, 'owinfrey', 430),
(68, 'owinfrey', 431),
(69, 'owinfrey', 432),
(70, 'owinfrey', 433),
(71, 'owinfrey', 434),
(72, 'owinfrey', 435),
(73, 'owinfrey', 436),
(74, 'owinfrey', 437),
(75, 'owinfrey', 438),
(76, 'owinfrey', 439),
(77, 'owinfrey', 440),
(78, 'owinfrey', 441),
(79, 'owinfrey', 442),
(80, 'owinfrey', 443),
(81, 'owinfrey', 444),
(82, 'owinfrey', 445),
(83, 'owinfrey', 446),
(84, 'owinfrey', 447),
(85, 'owinfrey', 448),
(86, 'owinfrey', 449),
(87, 'owinfrey', 450);

-- --------------------------------------------------------

--
-- Table structure for table `Judge`
--

CREATE TABLE IF NOT EXISTS `Judge` (
  `username` varchar(25) NOT NULL,
  `accessLevelID` int(11) NOT NULL,
  `reset_pw` int(10) NOT NULL,
  `departmentID` int(11) DEFAULT NULL,
  `fname` varchar(50) NOT NULL,
  `lname` varchar(50) NOT NULL,
  `password` varchar(300) NOT NULL,
  `email` varchar(140) NOT NULL,
  `address` varchar(200) DEFAULT NULL,
  `phone_num` varchar(20) NOT NULL,
  PRIMARY KEY (`username`),
  KEY `accessLevelID` (`accessLevelID`),
  KEY `departmentID` (`departmentID`)
) ENGINE=InnoDB DEFAULT CHARSET=latin1;

--
-- Dumping data for table `Judge`
--

INSERT INTO `Judge` (`username`, `accessLevelID`, `reset_pw`, `departmentID`, `fname`, `lname`, `password`, `email`, `address`, `phone_num`) VALUES
('ljames', 2, 0, NULL, 'LeBron', 'James', 'c673e3c6e2a891c166c7a489086faae9', 'yvnuwah@gmail.com', NULL, ''),
('owinfrey', 2, 0, NULL, 'Oprah', 'Winfrey', '55455116f29daf0bacf9c7ee7df69624', 'yvnuwah@gmail.com', NULL, '');

-- --------------------------------------------------------

--
-- Table structure for table `SAvailability`
--

CREATE TABLE IF NOT EXISTS `SAvailability` (
  `stuAvailID` int(11) NOT NULL AUTO_INCREMENT,
  `username` varchar(140) NOT NULL,
  `dateTimeID` int(11) NOT NULL,
  PRIMARY KEY (`stuAvailID`)
) ENGINE=InnoDB  DEFAULT CHARSET=latin1 AUTO_INCREMENT=1169 ;

--
-- Dumping data for table `SAvailability`
--

INSERT INTO `SAvailability` (`stuAvailID`, `username`, `dateTimeID`) VALUES
(10, 'pcdebatetest1', 1),
(11, 'pcdebatetest1', 2),
(12, 'pcdebatetest1', 3),
(13, 'pcdebatetest1', 4),
(14, 'pcdebatetest1', 5),
(15, 'pcdebatetest1', 6),
(16, 'pcdebatetest1', 465),
(17, 'pcdebatetest1', 466),
(18, 'pcdebatetest1', 467),
(19, 'pcdebatetest1', 468),
(20, 'pcdebatetest2', 6),
(21, 'pcdebatetest2', 7),
(22, 'pcdebatetest2', 8),
(23, 'pcdebatetest2', 9),
(24, 'pcdebatetest2', 10),
(25, 'pcdebatetest2', 11),
(26, 'pcdebatetest2', 12),
(27, 'pcdebatetest2', 13),
(28, 'pcdebatetest2', 14),
(29, 'pcdebatetest2', 15),
(30, 'pcdebatetest2', 16),
(31, 'pcdebatetest2', 17),
(32, 'pcdebatetest2', 18),
(33, 'pcdebatetest2', 19),
(34, 'pcdebatetest2', 27),
(35, 'pcdebatetest2', 28),
(36, 'pcdebatetest2', 29),
(37, 'pcdebatetest2', 30),
(38, 'pcdebatetest2', 31),
(39, 'pcdebatetest2', 32),
(40, 'pcdebatetest2', 33),
(41, 'pcdebatetest2', 34),
(42, 'pcdebatetest2', 35),
(43, 'pcdebatetest2', 36),
(44, 'pcdebatetest2', 37),
(45, 'pcdebatetest2', 38),
(46, 'pcdebatetest2', 39),
(47, 'pcdebatetest2', 40),
(48, 'pcdebatetest2', 41),
(49, 'pcdebatetest2', 42),
(50, 'pcdebatetest2', 68),
(51, 'pcdebatetest2', 69),
(52, 'pcdebatetest2', 70),
(53, 'pcdebatetest2', 71),
(54, 'pcdebatetest2', 72),
(55, 'pcdebatetest2', 73),
(56, 'pcdebatetest2', 74),
(57, 'pcdebatetest2', 75),
(58, 'pcdebatetest2', 76),
(59, 'pcdebatetest2', 77),
(60, 'pcdebatetest2', 78),
(61, 'pcdebatetest2', 79),
(62, 'pcdebatetest2', 80),
(63, 'pcdebatetest2', 81),
(64, 'pcdebatetest2', 82),
(65, 'pcdebatetest2', 83),
(66, 'pcdebatetest2', 84),
(67, 'pcdebatetest2', 85),
(68, 'pcdebatetest2', 86),
(69, 'pcdebatetest2', 87),
(70, 'pcdebatetest2', 88),
(71, 'pcdebatetest2', 89),
(72, 'pcdebatetest2', 90),
(73, 'pcdebatetest2', 91),
(74, 'pcdebatetest2', 92),
(75, 'pcdebatetest2', 93),
(76, 'pcdebatetest2', 94),
(77, 'pcdebatetest2', 95),
(78, 'pcdebatetest2', 96),
(79, 'pcdebatetest2', 97),
(80, 'pcdebatetest2', 98),
(81, 'pcdebatetest2', 99),
(82, 'pcdebatetest2', 100),
(83, 'pcdebatetest2', 101),
(84, 'pcdebatetest2', 154),
(85, 'pcdebatetest2', 155),
(86, 'pcdebatetest2', 156),
(87, 'pcdebatetest2', 157),
(88, 'pcdebatetest2', 158),
(89, 'pcdebatetest2', 159),
(90, 'pcdebatetest2', 160),
(91, 'pcdebatetest2', 161),
(92, 'pcdebatetest2', 162),
(93, 'pcdebatetest2', 163),
(94, 'pcdebatetest2', 164),
(95, 'pcdebatetest2', 165),
(96, 'pcdebatetest2', 166),
(97, 'pcdebatetest2', 167),
(98, 'pcdebatetest2', 168),
(99, 'pcdebatetest2', 169),
(100, 'pcdebatetest2', 170),
(101, 'pcdebatetest2', 171),
(102, 'pcdebatetest2', 172),
(103, 'pcdebatetest2', 173),
(104, 'pcdebatetest2', 174),
(105, 'pcdebatetest2', 175),
(106, 'pcdebatetest2', 176),
(107, 'pcdebatetest2', 177),
(108, 'pcdebatetest2', 233),
(109, 'pcdebatetest2', 234),
(110, 'pcdebatetest2', 235),
(111, 'pcdebatetest2', 236),
(112, 'pcdebatetest2', 237),
(113, 'pcdebatetest2', 238),
(114, 'pcdebatetest2', 239),
(115, 'pcdebatetest2', 240),
(116, 'pcdebatetest2', 241),
(117, 'pcdebatetest2', 242),
(118, 'pcdebatetest2', 243),
(119, 'pcdebatetest2', 244),
(120, 'pcdebatetest2', 245),
(121, 'pcdebatetest2', 246),
(122, 'pcdebatetest2', 247),
(123, 'pcdebatetest2', 248),
(124, 'pcdebatetest2', 249),
(125, 'pcdebatetest2', 250),
(126, 'pcdebatetest2', 251),
(127, 'pcdebatetest2', 252),
(128, 'pcdebatetest2', 253),
(129, 'pcdebatetest2', 254),
(130, 'pcdebatetest2', 255),
(131, 'pcdebatetest2', 256),
(132, 'pcdebatetest2', 257),
(133, 'pcdebatetest2', 258),
(134, 'pcdebatetest2', 259),
(135, 'pcdebatetest2', 260),
(136, 'pcdebatetest2', 261),
(137, 'pcdebatetest2', 262),
(138, 'pcdebatetest2', 263),
(139, 'pcdebatetest2', 264),
(140, 'pcdebatetest2', 265),
(141, 'pcdebatetest2', 266),
(142, 'pcdebatetest2', 337),
(143, 'pcdebatetest2', 338),
(144, 'pcdebatetest2', 339),
(145, 'pcdebatetest2', 340),
(146, 'pcdebatetest2', 341),
(147, 'pcdebatetest2', 342),
(148, 'pcdebatetest2', 343),
(149, 'pcdebatetest2', 344),
(150, 'pcdebatetest2', 345),
(151, 'pcdebatetest2', 346),
(152, 'pcdebatetest2', 347),
(153, 'pcdebatetest2', 348),
(154, 'pcdebatetest2', 349),
(155, 'pcdebatetest2', 350),
(156, 'pcdebatetest2', 351),
(157, 'pcdebatetest2', 352),
(158, 'pcdebatetest2', 353),
(159, 'pcdebatetest2', 354),
(160, 'pcdebatetest2', 355),
(161, 'pcdebatetest2', 356),
(162, 'pcdebatetest2', 357),
(163, 'pcdebatetest2', 358),
(164, 'pcdebatetest2', 359),
(165, 'pcdebatetest2', 360),
(166, 'pcdebatetest2', 361),
(167, 'pcdebatetest2', 362),
(168, 'pcdebatetest2', 363),
(169, 'pcdebatetest2', 364),
(170, 'pcdebatetest2', 365),
(171, 'pcdebatetest2', 366),
(172, 'pcdebatetest2', 367),
(173, 'pcdebatetest2', 368),
(174, 'pcdebatetest2', 369),
(175, 'pcdebatetest2', 370),
(176, 'pcdebatetest2', 371),
(177, 'pcdebatetest2', 372),
(178, 'pcdebatetest2', 373),
(179, 'pcdebatetest2', 374),
(180, 'pcdebatetest2', 375),
(181, 'pcdebatetest2', 376),
(182, 'pcdebatetest2', 377),
(183, 'pcdebatetest2', 378),
(184, 'pcdebatetest2', 379),
(185, 'pcdebatetest2', 380),
(186, 'pcdebatetest2', 381),
(187, 'pcdebatetest2', 382),
(188, 'pcdebatetest2', 383),
(189, 'pcdebatetest2', 384),
(190, 'pcdebatetest2', 385),
(191, 'pcdebatetest2', 386),
(192, 'pcdebatetest2', 387),
(193, 'pcdebatetest2', 388),
(194, 'pcdebatetest2', 389),
(195, 'pcdebatetest2', 390),
(196, 'pcdebatetest2', 391),
(197, 'pcdebatetest2', 392),
(198, 'pcdebatetest2', 393),
(199, 'pcdebatetest2', 394),
(200, 'pcdebatetest2', 395),
(201, 'pcdebatetest2', 396),
(202, 'pcdebatetest2', 397),
(203, 'pcdebatetest2', 398),
(204, 'pcdebatetest2', 399),
(205, 'pcdebatetest2', 400),
(206, 'pcdebatetest2', 401),
(207, 'pcdebatetest2', 402),
(208, 'pcdebatetest2', 403),
(209, 'pcdebatetest2', 404),
(210, 'pcdebatetest2', 405),
(211, 'pcdebatetest2', 406),
(212, 'pcdebatetest2', 407),
(213, 'pcdebatetest2', 408),
(214, 'pcdebatetest2', 409),
(215, 'pcdebatetest2', 410),
(216, 'pcdebatetest2', 411),
(217, 'pcdebatetest2', 412),
(218, 'pcdebatetest2', 413),
(219, 'pcdebatetest2', 414),
(220, 'pcdebatetest2', 415),
(221, 'pcdebatetest2', 416),
(222, 'pcdebatetest2', 417),
(223, 'pcdebatetest2', 418),
(224, 'pcdebatetest2', 419),
(225, 'pcdebatetest2', 420),
(226, 'pcdebatetest2', 421),
(227, 'pcdebatetest2', 422),
(228, 'pcdebatetest2', 423),
(229, 'pcdebatetest2', 424),
(230, 'pcdebatetest2', 425),
(231, 'pcdebatetest2', 426),
(232, 'pcdebatetest2', 427),
(233, 'pcdebatetest2', 428),
(234, 'pcdebatetest2', 429),
(235, 'pcdebatetest2', 430),
(236, 'pcdebatetest2', 431),
(237, 'pcdebatetest2', 432),
(238, 'pcdebatetest2', 433),
(239, 'pcdebatetest2', 434),
(240, 'pcdebatetest2', 435),
(241, 'pcdebatetest2', 436),
(242, 'pcdebatetest2', 437),
(243, 'pcdebatetest2', 438),
(244, 'pcdebatetest2', 439),
(245, 'pcdebatetest2', 440),
(246, 'pcdebatetest2', 441),
(247, 'pcdebatetest2', 442),
(248, 'pcdebatetest2', 443),
(249, 'pcdebatetest2', 444),
(250, 'pcdebatetest2', 445),
(251, 'pcdebatetest2', 446),
(252, 'pcdebatetest2', 447),
(253, 'pcdebatetest2', 448),
(254, 'pcdebatetest2', 449),
(255, 'pcdebatetest2', 450),
(256, 'pcdebatetest2', 451),
(257, 'pcdebatetest2', 452),
(258, 'pcdebatetest2', 453),
(259, 'pcdebatetest2', 454),
(260, 'pcdebatetest2', 455),
(261, 'pcdebatetest2', 456),
(262, 'pcdebatetest2', 457),
(263, 'pcdebatetest2', 458),
(264, 'pcdebatetest2', 459),
(265, 'pcdebatetest2', 460),
(266, 'pcdebatetest2', 461),
(267, 'pcdebatetest2', 462),
(268, 'pcdebatetest2', 463),
(269, 'pcdebatetest2', 464),
(270, 'pcdebatetest2', 465),
(271, 'pcdebatetest2', 466),
(272, 'pcdebatetest2', 467),
(273, 'pcdebatetest2', 468),
(274, 'pcdebatetest2', 469),
(275, 'pcdebatetest2', 470),
(276, 'pcdebatetest2', 471),
(277, 'pcdebatetest2', 472),
(278, 'pcdebatetest2', 473),
(279, 'pcdebatetest2', 474),
(280, 'pcdebatetest2', 475),
(281, 'yvnuwah', 1),
(282, 'yvnuwah', 2),
(283, 'yvnuwah', 3),
(284, 'yvnuwah', 4),
(285, 'yvnuwah', 5),
(286, 'yvnuwah', 6),
(287, 'yvnuwah', 7),
(288, 'yvnuwah', 8),
(289, 'yvnuwah', 9),
(290, 'yvnuwah', 10),
(291, 'yvnuwah', 11),
(292, 'yvnuwah', 12),
(293, 'yvnuwah', 13),
(294, 'yvnuwah', 14),
(295, 'yvnuwah', 15),
(296, 'yvnuwah', 16),
(297, 'yvnuwah', 17),
(298, 'yvnuwah', 18),
(299, 'yvnuwah', 19),
(300, 'yvnuwah', 20),
(301, 'yvnuwah', 21),
(302, 'yvnuwah', 22),
(303, 'yvnuwah', 23),
(304, 'yvnuwah', 24),
(305, 'yvnuwah', 25),
(306, 'yvnuwah', 233),
(307, 'yvnuwah', 234),
(308, 'yvnuwah', 235),
(309, 'yvnuwah', 236),
(310, 'yvnuwah', 237),
(311, 'yvnuwah', 238),
(312, 'yvnuwah', 239),
(313, 'yvnuwah', 240),
(314, 'yvnuwah', 241),
(315, 'yvnuwah', 242),
(316, 'yvnuwah', 243),
(317, 'yvnuwah', 244),
(318, 'yvnuwah', 245),
(319, 'yvnuwah', 246),
(320, 'yvnuwah', 247),
(321, 'yvnuwah', 248),
(322, 'yvnuwah', 249),
(323, 'yvnuwah', 250),
(324, 'yvnuwah', 251),
(325, 'yvnuwah', 252),
(326, 'yvnuwah', 253),
(327, 'yvnuwah', 254),
(328, 'yvnuwah', 255),
(329, 'yvnuwah', 256),
(330, 'yvnuwah', 257),
(331, 'yvnuwah', 258),
(332, 'yvnuwah', 259),
(333, 'yvnuwah', 260),
(334, 'yvnuwah', 261),
(335, 'yvnuwah', 262),
(336, 'yvnuwah', 263),
(337, 'yvnuwah', 264),
(338, 'yvnuwah', 265),
(339, 'dglover', 1),
(340, 'dglover', 2),
(341, 'dglover', 3),
(342, 'dglover', 4),
(343, 'dglover', 5),
(344, 'dglover', 6),
(345, 'dglover', 7),
(346, 'dglover', 8),
(347, 'dglover', 9),
(348, 'dglover', 26),
(349, 'dglover', 27),
(350, 'dglover', 28),
(351, 'dglover', 29),
(352, 'dglover', 30),
(353, 'dglover', 31),
(354, 'dglover', 32),
(355, 'dglover', 33),
(356, 'dglover', 34),
(357, 'dglover', 51),
(358, 'dglover', 52),
(359, 'dglover', 53),
(360, 'dglover', 54),
(361, 'dglover', 55),
(362, 'dglover', 56),
(363, 'dglover', 57),
(364, 'dglover', 58),
(365, 'dglover', 59),
(366, 'dglover', 76),
(367, 'dglover', 77),
(368, 'dglover', 78),
(369, 'dglover', 79),
(370, 'dglover', 80),
(371, 'dglover', 81),
(372, 'dglover', 82),
(373, 'dglover', 83),
(374, 'dglover', 84),
(375, 'dglover', 151),
(376, 'dglover', 152),
(377, 'dglover', 153),
(378, 'dglover', 154),
(379, 'dglover', 155),
(380, 'dglover', 156),
(381, 'dglover', 157),
(382, 'dglover', 158),
(383, 'dglover', 159),
(384, 'dglover', 176),
(385, 'dglover', 177),
(386, 'dglover', 178),
(387, 'dglover', 179),
(388, 'dglover', 180),
(389, 'dglover', 181),
(390, 'dglover', 182),
(391, 'dglover', 183),
(392, 'dglover', 184),
(393, 'anadir', 26),
(394, 'anadir', 27),
(395, 'anadir', 28),
(396, 'anadir', 29),
(397, 'anadir', 30),
(398, 'anadir', 31),
(399, 'anadir', 32),
(400, 'anadir', 33),
(401, 'anadir', 34),
(402, 'anadir', 35),
(403, 'anadir', 36),
(404, 'anadir', 37),
(405, 'anadir', 38),
(406, 'anadir', 39),
(407, 'anadir', 40),
(408, 'anadir', 41),
(409, 'anadir', 42),
(410, 'anadir', 43),
(411, 'anadir', 44),
(412, 'anadir', 45),
(413, 'anadir', 46),
(414, 'anadir', 47),
(415, 'anadir', 48),
(416, 'anadir', 49),
(417, 'anadir', 50),
(418, 'anadir', 51),
(419, 'anadir', 52),
(420, 'anadir', 53),
(421, 'anadir', 54),
(422, 'anadir', 55),
(423, 'anadir', 56),
(424, 'anadir', 57),
(425, 'anadir', 58),
(426, 'anadir', 59),
(427, 'anadir', 60),
(428, 'anadir', 61),
(429, 'anadir', 62),
(430, 'anadir', 63),
(431, 'anadir', 64),
(432, 'anadir', 65),
(433, 'anadir', 66),
(434, 'anadir', 67),
(435, 'anadir', 68),
(436, 'anadir', 69),
(437, 'anadir', 70),
(438, 'anadir', 71),
(439, 'anadir', 72),
(440, 'anadir', 73),
(441, 'anadir', 74),
(442, 'anadir', 75),
(443, 'anadir', 76),
(444, 'anadir', 77),
(445, 'anadir', 78),
(446, 'anadir', 79),
(447, 'anadir', 80),
(448, 'anadir', 81),
(449, 'anadir', 82),
(450, 'anadir', 83),
(451, 'anadir', 84),
(452, 'anadir', 85),
(453, 'anadir', 86),
(454, 'anadir', 87),
(455, 'anadir', 88),
(456, 'anadir', 89),
(457, 'anadir', 90),
(458, 'anadir', 91),
(459, 'anadir', 92),
(460, 'anadir', 93),
(461, 'anadir', 94),
(462, 'anadir', 95),
(463, 'anadir', 96),
(464, 'anadir', 97),
(465, 'anadir', 98),
(466, 'anadir', 99),
(467, 'anadir', 100),
(468, 'anadir', 101),
(469, 'anadir', 102),
(470, 'anadir', 103),
(471, 'anadir', 104),
(472, 'anadir', 105),
(473, 'anadir', 106),
(474, 'anadir', 107),
(475, 'anadir', 108),
(476, 'anadir', 109),
(477, 'anadir', 110),
(478, 'anadir', 111),
(479, 'anadir', 112),
(480, 'anadir', 113),
(481, 'anadir', 114),
(482, 'anadir', 115),
(483, 'anadir', 116),
(484, 'anadir', 117),
(485, 'anadir', 118),
(486, 'anadir', 119),
(487, 'anadir', 120),
(488, 'anadir', 121),
(489, 'anadir', 122),
(490, 'anadir', 123),
(491, 'anadir', 124),
(492, 'anadir', 125),
(493, 'anadir', 126),
(494, 'anadir', 127),
(495, 'anadir', 128),
(496, 'anadir', 129),
(497, 'anadir', 130),
(498, 'anadir', 131),
(499, 'anadir', 132),
(500, 'anadir', 133),
(501, 'anadir', 134),
(502, 'anadir', 135),
(503, 'anadir', 136),
(504, 'anadir', 137),
(505, 'anadir', 138),
(506, 'anadir', 139),
(507, 'anadir', 140),
(508, 'bperry', 201),
(509, 'bperry', 202),
(510, 'bperry', 203),
(511, 'bperry', 204),
(512, 'bperry', 205),
(513, 'bperry', 206),
(514, 'bperry', 207),
(515, 'bperry', 208),
(516, 'bperry', 209),
(517, 'bperry', 210),
(518, 'bperry', 211),
(519, 'bperry', 212),
(520, 'bperry', 213),
(521, 'bperry', 214),
(522, 'bperry', 215),
(523, 'bperry', 216),
(524, 'bperry', 217),
(525, 'bperry', 218),
(526, 'bperry', 219),
(527, 'bperry', 220),
(528, 'bperry', 221),
(529, 'bperry', 222),
(530, 'bperry', 223),
(531, 'bperry', 224),
(532, 'bperry', 225),
(533, 'bperry', 226),
(534, 'bperry', 227),
(535, 'bperry', 228),
(536, 'bperry', 229),
(537, 'bperry', 230),
(538, 'bperry', 231),
(539, 'bperry', 232),
(540, 'bperry', 233),
(541, 'bperry', 234),
(542, 'bperry', 235),
(543, 'bperry', 236),
(544, 'bperry', 237),
(545, 'bperry', 238),
(546, 'bperry', 239),
(547, 'bperry', 240),
(548, 'bperry', 241),
(549, 'bperry', 242),
(550, 'bperry', 243),
(551, 'bperry', 244),
(552, 'bperry', 245),
(553, 'bperry', 246),
(554, 'bperry', 247),
(555, 'bperry', 248),
(556, 'bperry', 249),
(557, 'bperry', 250),
(558, 'bperry', 251),
(559, 'bperry', 252),
(560, 'bperry', 253),
(561, 'bperry', 254),
(562, 'bperry', 255),
(563, 'bperry', 256),
(564, 'bperry', 257),
(565, 'bperry', 258),
(566, 'bperry', 259),
(567, 'bperry', 260),
(568, 'bperry', 261),
(569, 'bperry', 262),
(570, 'bperry', 263),
(571, 'bperry', 264),
(572, 'bperry', 265),
(573, 'bperry', 266),
(574, 'bperry', 267),
(575, 'bperry', 268),
(576, 'bperry', 269),
(577, 'bperry', 270),
(578, 'bperry', 271),
(579, 'bperry', 272),
(580, 'bperry', 273),
(581, 'bperry', 274),
(582, 'bperry', 275),
(583, 'tbarnes', 441),
(584, 'tbarnes', 442),
(585, 'tbarnes', 443),
(586, 'tbarnes', 444),
(587, 'tbarnes', 445),
(588, 'tbarnes', 446),
(589, 'tbarnes', 447),
(590, 'tbarnes', 448),
(591, 'tbarnes', 449),
(592, 'tbarnes', 450),
(593, 'tbarnes', 451),
(594, 'tbarnes', 452),
(595, 'tbarnes', 453),
(596, 'tbarnes', 454),
(597, 'tbarnes', 455),
(598, 'tbarnes', 456),
(599, 'tbarnes', 457),
(600, 'tbarnes', 458),
(601, 'tbarnes', 459),
(602, 'tbarnes', 460),
(603, 'tbarnes', 461),
(604, 'tbarnes', 462),
(605, 'tbarnes', 463),
(606, 'tbarnes', 464),
(607, 'tbarnes', 465),
(608, 'tbarnes', 466),
(609, 'tbarnes', 467),
(610, 'tbarnes', 468),
(611, 'tbarnes', 469),
(612, 'tbarnes', 470),
(613, 'tbarnes', 471),
(614, 'tbarnes', 472),
(615, 'tbarnes', 473),
(616, 'tbarnes', 474),
(617, 'tbarnes', 475),
(618, 'mscott', 62),
(619, 'mscott', 63),
(620, 'mscott', 64),
(621, 'mscott', 65),
(622, 'mscott', 66),
(623, 'mscott', 67),
(624, 'mscott', 68),
(625, 'mscott', 69),
(626, 'mscott', 70),
(627, 'mscott', 71),
(628, 'mscott', 72),
(629, 'mscott', 73),
(630, 'mscott', 74),
(631, 'mscott', 75),
(632, 'mscott', 76),
(633, 'mscott', 77),
(634, 'mscott', 78),
(635, 'mscott', 79),
(636, 'mscott', 80),
(637, 'mscott', 81),
(638, 'mscott', 82),
(639, 'mscott', 83),
(640, 'mscott', 84),
(641, 'mscott', 85),
(642, 'mscott', 86),
(643, 'mscott', 87),
(644, 'mscott', 88),
(645, 'mscott', 89),
(646, 'mscott', 90),
(647, 'mscott', 91),
(648, 'mscott', 92),
(649, 'mscott', 93),
(650, 'mscott', 94),
(651, 'mscott', 95),
(652, 'mscott', 96),
(653, 'mscott', 97),
(654, 'mscott', 98),
(655, 'mscott', 99),
(656, 'mscott', 100),
(657, 'mscott', 101),
(658, 'mscott', 102),
(659, 'mscott', 103),
(660, 'mscott', 104),
(661, 'mscott', 105),
(662, 'mscott', 106),
(663, 'mscott', 107),
(664, 'mscott', 108),
(665, 'mscott', 109),
(666, 'mscott', 110),
(667, 'mscott', 111),
(668, 'mscott', 112),
(669, 'mscott', 113),
(670, 'mscott', 114),
(671, 'mscott', 115),
(672, 'mscott', 116),
(673, 'mscott', 117),
(674, 'mscott', 118),
(675, 'mscott', 119),
(676, 'mscott', 120),
(677, 'mscott', 121),
(678, 'mscott', 122),
(679, 'mscott', 123),
(680, 'mscott', 124),
(681, 'mscott', 125),
(682, 'mscott', 126),
(683, 'mscott', 127),
(684, 'mscott', 128),
(685, 'mscott', 129),
(686, 'mscott', 130),
(687, 'mscott', 131),
(688, 'mscott', 132),
(689, 'mscott', 133),
(690, 'mscott', 134),
(691, 'mscott', 135),
(692, 'mscott', 136),
(693, 'mscott', 329),
(694, 'mscott', 330),
(695, 'mscott', 331),
(696, 'mscott', 332),
(697, 'mscott', 333),
(698, 'mscott', 334),
(699, 'mscott', 335),
(700, 'mscott', 336),
(701, 'mscott', 337),
(702, 'mscott', 338),
(703, 'mscott', 339),
(704, 'mscott', 340),
(705, 'mscott', 341),
(706, 'mscott', 342),
(707, 'mscott', 343),
(708, 'mscott', 344),
(709, 'mscott', 345),
(710, 'mscott', 346),
(711, 'mscott', 347),
(712, 'mscott', 348),
(713, 'mscott', 349),
(714, 'mscott', 350),
(715, 'mscott', 351),
(716, 'mscott', 352),
(717, 'mscott', 353),
(718, 'mscott', 354),
(719, 'mscott', 355),
(720, 'mscott', 356),
(721, 'mscott', 357),
(722, 'mscott', 358),
(723, 'mscott', 359),
(724, 'mscott', 360),
(725, 'mscott', 361),
(726, 'mscott', 362),
(727, 'mscott', 363),
(728, 'mscott', 364),
(729, 'mscott', 365),
(730, 'mscott', 366),
(731, 'mscott', 367),
(732, 'mscott', 368),
(733, 'mscott', 369),
(734, 'mscott', 370),
(735, 'mscott', 371),
(736, 'mscott', 372),
(737, 'mscott', 373),
(738, 'mscott', 374),
(739, 'mscott', 375),
(740, 'mscott', 376),
(741, 'mscott', 377),
(742, 'mscott', 378),
(743, 'mscott', 379),
(744, 'mscott', 380),
(745, 'mscott', 381),
(746, 'mscott', 382),
(747, 'mscott', 383),
(748, 'mscott', 384),
(749, 'mscott', 385),
(750, 'mscott', 386),
(751, 'mscott', 387),
(752, 'mscott', 388),
(753, 'mscott', 389),
(754, 'mscott', 390),
(755, 'mscott', 391),
(756, 'mscott', 392),
(757, 'mscott', 393),
(758, 'mscott', 394),
(759, 'mscott', 395),
(760, 'mscott', 396),
(761, 'mscott', 397),
(762, 'mscott', 398),
(763, 'mscott', 399),
(764, 'mscott', 400),
(765, 'mscott', 401),
(766, 'mscott', 402),
(767, 'mscott', 403),
(768, 'mscott', 404),
(769, 'mscott', 405),
(770, 'mscott', 406),
(771, 'dschrute', 8),
(772, 'dschrute', 9),
(773, 'dschrute', 10),
(774, 'dschrute', 11),
(775, 'dschrute', 12),
(776, 'dschrute', 13),
(777, 'dschrute', 14),
(778, 'dschrute', 15),
(779, 'dschrute', 16),
(780, 'dschrute', 17),
(781, 'dschrute', 18),
(782, 'dschrute', 19),
(783, 'dschrute', 20),
(784, 'dschrute', 21),
(785, 'dschrute', 22),
(786, 'dschrute', 23),
(787, 'dschrute', 24),
(788, 'dschrute', 25),
(789, 'dschrute', 26),
(790, 'dschrute', 27),
(791, 'dschrute', 28),
(792, 'dschrute', 29),
(793, 'dschrute', 30),
(794, 'dschrute', 31),
(795, 'dschrute', 32),
(796, 'dschrute', 33),
(797, 'dschrute', 34),
(798, 'dschrute', 35),
(799, 'dschrute', 36),
(800, 'dschrute', 37),
(801, 'dschrute', 38),
(802, 'dschrute', 39),
(803, 'dschrute', 40),
(804, 'dschrute', 41),
(805, 'dschrute', 42),
(806, 'dschrute', 43),
(807, 'dschrute', 44),
(808, 'dschrute', 45),
(809, 'dschrute', 46),
(810, 'dschrute', 47),
(811, 'dschrute', 48),
(812, 'dschrute', 49),
(813, 'dschrute', 50),
(814, 'dschrute', 51),
(815, 'dschrute', 52),
(816, 'dschrute', 53),
(817, 'dschrute', 54),
(818, 'dschrute', 55),
(819, 'dschrute', 56),
(820, 'dschrute', 57),
(821, 'dschrute', 58),
(822, 'dschrute', 59),
(823, 'dschrute', 60),
(824, 'dschrute', 61),
(825, 'dschrute', 62),
(826, 'dschrute', 63),
(827, 'dschrute', 64),
(828, 'dschrute', 65),
(829, 'dschrute', 66),
(830, 'dschrute', 67),
(831, 'dschrute', 68),
(832, 'dschrute', 69),
(833, 'dschrute', 70),
(834, 'dschrute', 71),
(835, 'dschrute', 72),
(836, 'dschrute', 73),
(837, 'dschrute', 74),
(838, 'dschrute', 75),
(839, 'dschrute', 76),
(840, 'dschrute', 77),
(841, 'dschrute', 78),
(842, 'dschrute', 79),
(843, 'dschrute', 80),
(844, 'dschrute', 81),
(845, 'dschrute', 82),
(846, 'dschrute', 83),
(847, 'dschrute', 84),
(848, 'dschrute', 85),
(849, 'dschrute', 86),
(850, 'dschrute', 87),
(851, 'dschrute', 88),
(852, 'dschrute', 89),
(853, 'dschrute', 90),
(854, 'dschrute', 91),
(855, 'dschrute', 92),
(856, 'dschrute', 93),
(857, 'dschrute', 94),
(858, 'dschrute', 95),
(859, 'dschrute', 96),
(860, 'dschrute', 97),
(861, 'dschrute', 98),
(862, 'dschrute', 99),
(863, 'dschrute', 100),
(864, 'dschrute', 101),
(865, 'dschrute', 102),
(866, 'dschrute', 103),
(867, 'dschrute', 104),
(868, 'dschrute', 105),
(869, 'dschrute', 106),
(870, 'dschrute', 107),
(871, 'dschrute', 108),
(872, 'dschrute', 109),
(873, 'dschrute', 110),
(874, 'dschrute', 111),
(875, 'dschrute', 112),
(876, 'dschrute', 113),
(877, 'dschrute', 114),
(878, 'dschrute', 115),
(879, 'dschrute', 116),
(880, 'dschrute', 117),
(881, 'dschrute', 118),
(882, 'dschrute', 119),
(883, 'dschrute', 120),
(884, 'dschrute', 121),
(885, 'dschrute', 122),
(886, 'dschrute', 123),
(887, 'dschrute', 124),
(888, 'dschrute', 125),
(889, 'dschrute', 126),
(890, 'dschrute', 127),
(891, 'dschrute', 128),
(892, 'dschrute', 129),
(893, 'dschrute', 130),
(894, 'dschrute', 131),
(895, 'dschrute', 132),
(896, 'dschrute', 133),
(897, 'dschrute', 134),
(898, 'dschrute', 135),
(899, 'dschrute', 136),
(900, 'dschrute', 137),
(901, 'dschrute', 138),
(902, 'dschrute', 139),
(903, 'dschrute', 140),
(904, 'dschrute', 141),
(905, 'dschrute', 142),
(906, 'dschrute', 143),
(907, 'dschrute', 144),
(908, 'dschrute', 145),
(909, 'dschrute', 146),
(910, 'dschrute', 147),
(911, 'dschrute', 148),
(912, 'dschrute', 149),
(913, 'dschrute', 150),
(914, 'dschrute', 151),
(915, 'dschrute', 152),
(916, 'dschrute', 153),
(917, 'dschrute', 154),
(918, 'dschrute', 155),
(919, 'dschrute', 156),
(920, 'dschrute', 157),
(921, 'dschrute', 158),
(922, 'dschrute', 159),
(923, 'dschrute', 160),
(924, 'dschrute', 161),
(925, 'dschrute', 162),
(926, 'dschrute', 163),
(927, 'dschrute', 164),
(928, 'dschrute', 165),
(929, 'dschrute', 166),
(930, 'dschrute', 167),
(931, 'dschrute', 168),
(932, 'dschrute', 169),
(933, 'dschrute', 170),
(934, 'dschrute', 171),
(935, 'dschrute', 172),
(936, 'dschrute', 173),
(937, 'dschrute', 174),
(938, 'dschrute', 175),
(939, 'dschrute', 176),
(940, 'dschrute', 177),
(941, 'dschrute', 178),
(942, 'dschrute', 179),
(943, 'dschrute', 180),
(944, 'dschrute', 181),
(945, 'dschrute', 182),
(946, 'dschrute', 183),
(947, 'dschrute', 184),
(948, 'dschrute', 185),
(949, 'dschrute', 186),
(950, 'dschrute', 187),
(951, 'dschrute', 188),
(952, 'dschrute', 189),
(953, 'dschrute', 190),
(954, 'dschrute', 191),
(955, 'dschrute', 192),
(956, 'dschrute', 193),
(957, 'dschrute', 194),
(958, 'dschrute', 195),
(959, 'dschrute', 196),
(960, 'dschrute', 197),
(961, 'dschrute', 198),
(962, 'dschrute', 199),
(963, 'dschrute', 200),
(964, 'dschrute', 201),
(965, 'dschrute', 202),
(966, 'dschrute', 203),
(967, 'jsheppard', 139),
(968, 'jsheppard', 140),
(969, 'jsheppard', 141),
(970, 'jsheppard', 142),
(971, 'jsheppard', 143),
(972, 'jsheppard', 144),
(973, 'jsheppard', 145),
(974, 'jsheppard', 146),
(975, 'jsheppard', 147),
(976, 'jsheppard', 148),
(977, 'jsheppard', 149),
(978, 'jsheppard', 150),
(979, 'jsheppard', 151),
(980, 'jsheppard', 152),
(981, 'jsheppard', 153),
(982, 'jsheppard', 154),
(983, 'jsheppard', 155),
(984, 'jsheppard', 156),
(985, 'jsheppard', 157),
(986, 'jsheppard', 158),
(987, 'jsheppard', 159),
(988, 'jsheppard', 160),
(989, 'jsheppard', 161),
(990, 'jsheppard', 162),
(991, 'jsheppard', 163),
(992, 'jsheppard', 164),
(993, 'jsheppard', 165),
(994, 'jsheppard', 166),
(995, 'jsheppard', 167),
(996, 'jsheppard', 168),
(997, 'jsheppard', 169),
(998, 'jsheppard', 170),
(999, 'jsheppard', 171),
(1000, 'jsheppard', 172),
(1001, 'jsheppard', 173),
(1002, 'jsheppard', 174),
(1003, 'jsheppard', 175),
(1004, 'jsheppard', 176),
(1005, 'jsheppard', 177),
(1006, 'jsheppard', 178),
(1007, 'jsheppard', 179),
(1008, 'jsheppard', 180),
(1009, 'jsheppard', 181),
(1010, 'jsheppard', 182),
(1011, 'jsheppard', 183),
(1012, 'jsheppard', 184),
(1013, 'jsheppard', 185),
(1014, 'jsheppard', 186),
(1015, 'jsheppard', 187),
(1016, 'jsheppard', 188),
(1017, 'jsheppard', 189),
(1018, 'jsheppard', 190),
(1019, 'jsheppard', 191),
(1020, 'jsheppard', 192),
(1021, 'jsheppard', 193),
(1022, 'jsheppard', 194),
(1023, 'jsheppard', 195),
(1024, 'jsheppard', 196),
(1025, 'jsheppard', 197),
(1026, 'jsheppard', 198),
(1027, 'jsheppard', 199),
(1028, 'jsheppard', 200),
(1029, 'jsheppard', 201),
(1030, 'jsheppard', 202),
(1031, 'jsheppard', 203),
(1032, 'jsheppard', 204),
(1033, 'jsheppard', 205),
(1034, 'jsheppard', 206),
(1035, 'jsheppard', 207),
(1036, 'jsheppard', 208),
(1037, 'jsheppard', 209),
(1038, 'jsheppard', 210),
(1039, 'jsheppard', 211),
(1040, 'jsheppard', 212),
(1041, 'jsheppard', 213),
(1042, 'jsheppard', 214),
(1043, 'jsheppard', 215),
(1044, 'johnc1', 1),
(1045, 'johnc1', 2),
(1046, 'johnc1', 3),
(1047, 'johnc1', 4),
(1048, 'johnc1', 5),
(1049, 'jlocke', 15),
(1050, 'jlocke', 16),
(1051, 'jlocke', 17),
(1052, 'jlocke', 18),
(1053, 'jlocke', 19),
(1054, 'jlocke', 20),
(1055, 'jlocke', 21),
(1056, 'jlocke', 22),
(1057, 'jlocke', 23),
(1058, 'jlocke', 24),
(1059, 'jlocke', 25),
(1060, 'jlocke', 26),
(1061, 'jlocke', 27),
(1062, 'jlocke', 28),
(1063, 'jlocke', 29),
(1064, 'jlocke', 30),
(1065, 'jlocke', 31),
(1066, 'jlocke', 32),
(1067, 'jlocke', 33),
(1068, 'jlocke', 34),
(1069, 'jlocke', 35),
(1070, 'jlocke', 36),
(1071, 'jlocke', 37),
(1072, 'jlocke', 38),
(1073, 'jlocke', 39),
(1074, 'jlocke', 40),
(1075, 'jlocke', 41),
(1076, 'jlocke', 42),
(1077, 'jlocke', 43),
(1078, 'jlocke', 44),
(1079, 'jlocke', 45),
(1080, 'jlocke', 46),
(1081, 'jlocke', 47),
(1082, 'jlocke', 48),
(1083, 'jlocke', 49),
(1084, 'jlocke', 50),
(1085, 'jlocke', 51),
(1086, 'jlocke', 52),
(1087, 'jlocke', 53),
(1088, 'jlocke', 54),
(1089, 'jlocke', 55),
(1090, 'jlocke', 56),
(1091, 'jlocke', 57),
(1092, 'jlocke', 58),
(1093, 'jlocke', 59),
(1094, 'jlocke', 60),
(1095, 'jlocke', 61),
(1096, 'jlocke', 62),
(1097, 'jlocke', 63),
(1098, 'jlocke', 64),
(1099, 'jlocke', 65),
(1100, 'jlocke', 66),
(1101, 'jlocke', 67),
(1102, 'jlocke', 68),
(1103, 'jlocke', 69),
(1104, 'jlocke', 70),
(1105, 'jlocke', 71),
(1106, 'jlocke', 72),
(1107, 'jlocke', 73),
(1108, 'jlocke', 74),
(1109, 'jlocke', 75),
(1110, 'jlocke', 76),
(1111, 'jlocke', 77),
(1112, 'jlocke', 78),
(1113, 'jlocke', 79),
(1114, 'jlocke', 80),
(1115, 'jlocke', 81),
(1116, 'jlocke', 82),
(1117, 'jlocke', 83),
(1118, 'jlocke', 84),
(1119, 'jlocke', 85),
(1120, 'jlocke', 86),
(1121, 'jlocke', 87),
(1122, 'jlocke', 88),
(1123, 'jlocke', 89),
(1124, 'jlocke', 90),
(1125, 'jlocke', 91),
(1126, 'jlocke', 92),
(1127, 'jlocke', 93),
(1128, 'jlocke', 94),
(1129, 'jlocke', 95),
(1130, 'jlocke', 96),
(1131, 'jlocke', 97),
(1132, 'jlocke', 98),
(1133, 'jlocke', 99),
(1134, 'jlocke', 100),
(1135, 'jlocke', 151),
(1136, 'jlocke', 152),
(1137, 'jlocke', 153),
(1138, 'jlocke', 154),
(1139, 'jlocke', 155),
(1140, 'jlocke', 156),
(1141, 'jlocke', 157),
(1142, 'jlocke', 158),
(1143, 'jlocke', 159),
(1144, 'jlocke', 160),
(1145, 'jlocke', 161),
(1146, 'jlocke', 162),
(1147, 'jlocke', 163),
(1148, 'jlocke', 164),
(1149, 'jlocke', 165),
(1150, 'jlocke', 166),
(1151, 'jlocke', 167),
(1152, 'jlocke', 168),
(1153, 'jlocke', 169),
(1154, 'jlocke', 170),
(1155, 'jlocke', 171),
(1156, 'jlocke', 172),
(1157, 'jlocke', 173),
(1158, 'jlocke', 174),
(1159, 'jlocke', 175),
(1160, 'jlocke', 176),
(1161, 'jlocke', 177),
(1162, 'jlocke', 178),
(1163, 'jlocke', 179),
(1164, 'jlocke', 180),
(1165, 'jlocke', 181),
(1166, 'jlocke', 182),
(1167, 'jlocke', 183),
(1168, 'jlocke', 184);

-- --------------------------------------------------------

--
-- Table structure for table `Student`
--

CREATE TABLE IF NOT EXISTS `Student` (
  `username` varchar(25) NOT NULL,
  `classID` int(11) DEFAULT NULL,
  `accessLevelID` int(11) DEFAULT NULL,
  `seuID` int(11) DEFAULT NULL,
  `fname` varchar(50) NOT NULL,
  `lname` varchar(50) NOT NULL,
  `password` varchar(300) DEFAULT NULL,
  `email` varchar(140) NOT NULL,
  `major` varchar(140) DEFAULT NULL,
  `minor` varchar(4) DEFAULT NULL,
  `address` varchar(200) DEFAULT NULL,
  `phone_num` varchar(20) DEFAULT NULL,
  `qualified` int(50) NOT NULL,
  `reset_pw` int(10) NOT NULL,
  PRIMARY KEY (`username`),
  KEY `classID` (`classID`),
  KEY `accessLevelID` (`accessLevelID`)
) ENGINE=InnoDB DEFAULT CHARSET=latin1;

--
-- Dumping data for table `Student`
--

INSERT INTO `Student` (`username`, `classID`, `accessLevelID`, `seuID`, `fname`, `lname`, `password`, `email`, `major`, `minor`, `address`, `phone_num`, `qualified`, `reset_pw`) VALUES
('anadir', 1, 3, NULL, 'Abed', 'Nadir', '55455116f29daf0bacf9c7ee7df69624', 'pcdebatetest2@gmail.com', 'Photocommunications', NULL, NULL, NULL, 1, 0),
('blinus', 3, 3, NULL, 'Ben', 'Linus', '55455116f29daf0bacf9c7ee7df69624', 'pcdebatetest2@gmail.com', 'Philosophy', NULL, NULL, NULL, 1, 0),
('bperry', 1, 3, NULL, 'Britta', 'Perry', '55455116f29daf0bacf9c7ee7df69624', 'pcdebatetest2@gmail.com', 'Psychology', NULL, NULL, NULL, 1, 0),
('cbanks', 4, 3, NULL, 'Carlton', 'Banks', '55455116f29daf0bacf9c7ee7df69624', 'pcdebatetest2@gmail.com', 'Criminal Justice', NULL, NULL, NULL, 1, 0),
('dglover', 1, 3, NULL, 'Donald', 'Glover', '55455116f29daf0bacf9c7ee7df69624', 'pcdebatetest2@gmail.com', 'Theatre', NULL, NULL, NULL, 1, 0),
('dschrute', 2, 3, NULL, 'Dwight', 'Schrute', '55455116f29daf0bacf9c7ee7df69624', 'pcdebatetest2@gmail.com', 'Business', NULL, NULL, NULL, 1, 0),
('hbanks', 1, 3, NULL, 'Hillary', 'Banks', '55455116f29daf0bacf9c7ee7df69624', 'pcdebatetest2@gmail.com', 'Journalism', NULL, NULL, NULL, 1, 0),
('jblake', 3, 3, NULL, 'James', 'Blake', '55455116f29daf0bacf9c7ee7df69624', 'pcdebatetest2@gmail.com', 'Music', NULL, NULL, NULL, 1, 0),
('jhalpert', 4, 3, NULL, 'Jim', 'Halpert', '55455116f29daf0bacf9c7ee7df69624', 'pcdebatetest2@gmail.com', 'Accounting', NULL, NULL, NULL, 1, 0),
('jlocke', 3, 3, NULL, 'John', 'Locke', '55455116f29daf0bacf9c7ee7df69624', 'pcdebatetest2@gmail.com', 'Philosophy', NULL, NULL, NULL, 1, 0),
('johnc1', 2, 3, NULL, 'John', 'Camden', '55455116f29daf0bacf9c7ee7df69624', 'johnc@stedwards.edu', 'Computer Science', NULL, NULL, NULL, 1, 0),
('jscott', 4, 3, NULL, 'Jill', 'Scott', '55455116f29daf0bacf9c7ee7df69624', 'pcdebatetest2@gmail.com', 'Music', NULL, NULL, NULL, 1, 0),
('jsheppard', 3, 3, NULL, 'Jack', 'Sheppard', '55455116f29daf0bacf9c7ee7df69624', 'pcdebatetest2@gmail.com', 'Chemistry', NULL, NULL, NULL, 1, 0),
('jsparrow', 3, 3, NULL, 'Jack', 'Sparrow', '55455116f29daf0bacf9c7ee7df69624', 'pcdebatetest2@gmail.com', 'Math', NULL, NULL, NULL, 1, 0),
('kwest', 4, 3, NULL, 'Kanye', 'West', '55455116f29daf0bacf9c7ee7df69624', 'pcdebatetest2@gmail.com', 'Music', NULL, NULL, NULL, 1, 0),
('llahavas', 2, 3, NULL, 'Lianne', 'LaHavas', '55455116f29daf0bacf9c7ee7df69624', 'pcdebatetest2@gmail.com', 'Music', NULL, NULL, NULL, 1, 0),
('mscott', 2, 3, NULL, 'Michael', 'Scott', '55455116f29daf0bacf9c7ee7df69624', 'pcdebatetest2@gmail.com', 'Business', NULL, NULL, NULL, 1, 0),
('obloom', 3, 3, NULL, 'Orlando', 'Bloom', '55455116f29daf0bacf9c7ee7df69624', 'pcdebatetest2@gmail.com', 'Math', NULL, NULL, NULL, 1, 0),
('pbanks', 1, 3, NULL, 'Phillip', 'Banks', '55455116f29daf0bacf9c7ee7df69624', 'pcdebatetest2@gmail.com', 'Criminal Justice', NULL, NULL, NULL, 1, 0),
('pbeesly', 3, 3, NULL, 'Pam', 'Beesly', '55455116f29daf0bacf9c7ee7df69624', 'pcdebatetest2@gmail.com', 'Accounting', NULL, NULL, NULL, 1, 0),
('pcdebatetest1', 1, 3, NULL, 'John', 'Smith', 'c3f880efd99b3b38ce646824d257d489', 'pcdebatetest1@gmail.com', 'Biology', NULL, NULL, NULL, 1, 0),
('pcdebatetest2', 3, 3, NULL, 'Amy', 'Smith', 'd467c274f215aa80b96b0e41d07150dd', 'pcdebatetest2@gmail.com', 'Political Science', NULL, NULL, NULL, 1, 0),
('scarter', 4, 3, NULL, 'Sean', 'Carter', '55455116f29daf0bacf9c7ee7df69624', 'pcdebatetest2@gmail.com', 'Music', NULL, NULL, NULL, 1, 0),
('tbanks', 4, 3, NULL, 'Tyra', 'Banks', '55455116f29daf0bacf9c7ee7df69624', 'pcdebatetest2@gmail.com', 'English', NULL, NULL, NULL, 1, 0),
('tbarnes', 2, 3, NULL, 'Troy', 'Barnes', '55455116f29daf0bacf9c7ee7df69624', 'pcdebatetest2@gmail.com', 'Physical Therapy', NULL, NULL, NULL, 1, 0),
('vbanks', 1, 3, NULL, 'Vivian', 'Banks', '55455116f29daf0bacf9c7ee7df69624', 'pcdebatetest2@gmail.com', 'Math', NULL, NULL, NULL, 1, 0),
('wsmith', 4, 3, NULL, 'Will', 'Smith', '55455116f29daf0bacf9c7ee7df69624', 'pcdebatetest2@gmail.com', 'Theatre', NULL, NULL, NULL, 1, 0),
('yvnuwah', 4, 3, NULL, 'Yvonne', 'Uwah', 'c3f880efd99b3b38ce646824d257d489', 'yvnuwah@gmail.com', 'Computer Science', NULL, NULL, NULL, 1, 0);

-- --------------------------------------------------------

--
-- Table structure for table `Time`
--

CREATE TABLE IF NOT EXISTS `Time` (
  `timeID` int(11) NOT NULL AUTO_INCREMENT,
  `start` varchar(15) NOT NULL,
  `end` varchar(15) DEFAULT NULL,
  PRIMARY KEY (`timeID`)
) ENGINE=InnoDB  DEFAULT CHARSET=latin1 AUTO_INCREMENT=26 ;

--
-- Dumping data for table `Time`
--

INSERT INTO `Time` (`timeID`, `start`, `end`) VALUES
(1, '8:30 AM', '9:00 AM'),
(2, '9:00 AM', '9:30 AM'),
(3, '9:30 AM', '10:00 AM'),
(4, '10:00 AM', '10:30 AM'),
(5, '10:30 AM', '11:00 AM'),
(6, '11:00 AM', '11:30 AM'),
(7, '11:30 AM', '12:00 PM'),
(8, '12:00 PM', '12:30 PM'),
(9, '12:30 PM', '1:00 PM'),
(10, '1:00 PM', '1:30 PM'),
(11, '1:30 PM', '2:00 PM'),
(12, '2:00 PM', '2:30 PM'),
(13, '2:30 PM', '3:00 PM'),
(14, '3:00 PM', '3:30 PM'),
(15, '3:30 PM', '4:00 PM'),
(16, '4:00 PM', '4:30 PM'),
(17, '4:30 PM', '5:00 PM'),
(18, '5:00 PM', '5:30 PM'),
(19, '5:30 PM', '6:00 PM'),
(20, '6:00 PM', '6:30 PM'),
(21, '6:30 PM', '7:00 PM'),
(22, '7:00 PM', '7:30 PM'),
(23, '7:30 PM', '8:00 PM'),
(24, '8:00 PM', '8:30 PM'),
(25, '8:30 PM', '9:00 PM');

--
-- Constraints for dumped tables
--

--
-- Constraints for table `Judge`
--
ALTER TABLE `Judge`
  ADD CONSTRAINT `Judge_ibfk_1` FOREIGN KEY (`accessLevelID`) REFERENCES `AccessLevel` (`accessLevelID`),
  ADD CONSTRAINT `Judge_ibfk_2` FOREIGN KEY (`accessLevelID`) REFERENCES `AccessLevel` (`accessLevelID`),
  ADD CONSTRAINT `Judge_ibfk_3` FOREIGN KEY (`departmentID`) REFERENCES `Department` (`departmentID`),
  ADD CONSTRAINT `Judge_ibfk_4` FOREIGN KEY (`departmentID`) REFERENCES `Department` (`departmentID`);

--
-- Constraints for table `Student`
--
ALTER TABLE `Student`
  ADD CONSTRAINT `Student_ibfk_1` FOREIGN KEY (`classID`) REFERENCES `Classification` (`classID`),
  ADD CONSTRAINT `Student_ibfk_2` FOREIGN KEY (`accessLevelID`) REFERENCES `AccessLevel` (`accessLevelID`);

/*!40101 SET CHARACTER_SET_CLIENT=@OLD_CHARACTER_SET_CLIENT */;
/*!40101 SET CHARACTER_SET_RESULTS=@OLD_CHARACTER_SET_RESULTS */;
/*!40101 SET COLLATION_CONNECTION=@OLD_COLLATION_CONNECTION */;
